{"cameraMode":{"drawMode":0,"name":"Shaded","section":"Shading Mode"},"sceneLighting":true,"audioPlay":false,"sceneViewState":{"m_AlwaysRefresh":false,"showFog":true,"showSkybox":true,"showFlares":true,"showImageEffects":true,"showParticleSystems":true,"showVisualEffectGraphs":true,"m_FxEnabled":true},"in2DMode":false,"pivot":{"x":-6.537863731384277,"y":0.5341323614120483,"z":15.313882827758789},"rotation":{"x":0.034417685121297839,"y":-0.1449115127325058,"z":0.005039909388870001,"w":0.9888409972190857},"size":8.182454109191895,"orthographic":false}