{"cameraMode":{"drawMode":0,"name":"Shaded","section":"Shading Mode"},"sceneLighting":true,"audioPlay":true,"sceneViewState":{"m_AlwaysRefresh":false,"showFog":true,"showSkybox":true,"showFlares":true,"showImageEffects":true,"showParticleSystems":true,"showVisualEffectGraphs":true,"m_FxEnabled":true},"in2DMode":false,"pivot":{"x":1.4200756549835206,"y":-4.033850193023682,"z":10.588028907775879},"rotation":{"x":-0.17046231031417848,"y":-0.011235457845032215,"z":0.0019443335477262736,"w":-0.9852997660636902},"size":10.1165132522583,"orthographic":false}