{"cameraMode":{"drawMode":0,"name":"Shaded","section":"Shading Mode"},"sceneLighting":false,"audioPlay":false,"sceneViewState":{"m_AlwaysRefresh":false,"showFog":true,"showSkybox":false,"showFlares":true,"showImageEffects":true,"showParticleSystems":true,"showVisualEffectGraphs":true,"m_FxEnabled":true},"in2DMode":false,"pivot":{"x":61.905948638916019,"y":399.4623718261719,"z":-398.8558654785156},"rotation":{"x":0.008622338995337487,"y":-0.5628628730773926,"z":0.005789490882307291,"w":0.826488733291626},"size":323.93841552734377,"orthographic":false}